slug,image_file,reason
grand-jete-blanc-de-blancs,output_img_021_ecc606d2a1.webp,проверено глазами: три файла — одна бутылка Grand Jete в разном масштабе; взят самый крупный кадр
glera-manno,Screenshot_2_66036870aa.webp,проверено глазами: бутылка MANNO; остальные кандидаты — баннеры и пейзаж
lesnaya-proseka,Screenshot_4_7c7945f9a9.webp,проверено глазами: бутылка игристого; остальные кандидаты — фото винодельни и еды
rustok-glera-ru-140,Screenshot_3_dce2afc6e1.webp,проверено глазами: бутылка ROOTSTOCK GLERA; остальные кандидаты — логотип другой винодельни и постер
merlo,merlo_d6c03313e4.webp,проверено глазами: этикетка «Мерло» в стиле Галицкий и Галицкий (как их «Пино Нуар» и «Рислинг»)
merlo-1,merlo_89592556f7.webp,проверено глазами: этикетка MANTRA ESTATE MERLOT; автоматическая догадка была неверной
shato-pino-gravitatsiya-kaberne-sovinon-merlo-krasnoe-suhoe-135,shato_pino_kaberne_sovinonmerlo_krasnoe_suhoe_135_463039b1ff.webp,на этикетке надпись «ГРАВИТАЦИЯ»; в CSV имена фото у этой пары перепутаны
shato-pino-kaberne-sovinon-merlo-krasnoe-suhoe-135,shato_pino_kaberne_sovinon_merlo_krasnoe_suhoe_135_4464dcca39.webp,этикетка без «Гравитации» (улитка и пейзаж); в CSV имена фото у этой пары перепутаны
leto-kaberne-fran-2021-suhoe-krasnoe,Vino_suhoe_krasnoe_KABERNE_FRAN_3c69650ca3.webp,имя фото переименовано в медиатеке: непривязанный файл «сухое красное Каберне Фран» из той же пачки LETO (2026-06-26 08:21)
katharon-mezenka-risling-polusuhoe,IMG_20260617_132406_315_dc183ec137.webp,имя фото переименовано: непривязанный файл из пачки KATHARON; на этикетке «Мезенка. Рислинг полусухое белое 2025»
katharon-mezenka-risling-suhoe,IMG_20260617_132401_890_e3ce77f247.webp,имя фото переименовано: непривязанный файл из пачки KATHARON; на этикетке «Мезенка. Рислинг сухое белое 2025»
vinodelnya-vedernikov-vedernikov-tsimlyanskiy-chyornyy-tsimlyanskiy-chernyy-krasnoe-suhoe-14,f_Kq_In_Kw3d7b_LF_Oe_Fn_M_Gnh_Lwyz_Yv_B_J0l_a_Gu_P9_ZF_Xxs3w_BR_5_ETC_Fr5mq_RB_9_Vo_Fg_It8d5h6_B_or_Hdxex_T8_Tw4cw_OQ_5x0g_Q_Yny_Gw_Sca_Gr8npum_ZHI_4mid_Pd_Whec_Nq_1854d79859.webp,имя фото переименовано: непривязанный файл из пачки Ведерниковъ (2026-06-04 11:00); на этикетке «Ведерниковъ Резерв. Цимлянский черный 2023» (в названии вина нет «Резерв» — стоит перепроверить)
fanagoriya-fanagoriya-hey-bey-shardone-beloe-suhoe-13,f_Kq_In_Kw3d7b_LF_Oe_Fn_M_Gnh_Ktuh_Vl_Vjof_M3_Qaag_F_Bw_K_Wmvlyd_Gu_Q_Cp8tk_DOW_Pz1_Jf_Pnx7c_HG_Dn_X_Wt_Q_y1y7_Xu_Mfg0e_I_Qs5g_Tmt8_XG_4on_i36r8npum_ZHI_4mid_Pd_Whec_Nq_412368f0b0.webp,имя фото переименовано: непривязанный файл из пачки загрузки 2026-06-04 11:13; на этикетке «Fanagoria. Hey Bay. Шардоне. Сухое 2020»
